1,2,0,
1,3,5,
1,4,0,
1,5,5,
1,6,0,
1,7,7,
1,8,3,
1,8,63,
1,9,1,
1,9,6,
1,10,0,
1,10,3,
1,11,3,
1,11,10,
1,12,1,
1,12,1,
1,13,3,
1,14,1,
1,15,7,
1,16,1,
1,16,5,
1,17,0,
1,18,0,
1,18,0,
1,19,0,
1,19,1,
1,20,0,
1,21,3,
1,21,9,
1,22,6,
1,22,2,
1,23,0,
1,23,3,
1,24,0,
1,24,5,
1,25,2,
1,25,6,
1,26,2,
1,26,1,
1,27,1,
1,28,2,
1,28,24,
1,29,2,
1,29,6,
1,30,0,
1,30,0,
1,31,1,
1,32,0,
1,32,5,
1,33,2,
1,33,6,
1,35,0,
1,36,1,
1,36,9,
1,37,3,
1,37,43,
1,38,3,
1,38,24,
1,39,2,
1,39,2,
1,40,0,
1,41,2,
1,41,22,
1,42,2,
1,43,2,
1,43,3,
1,44,0,
1,45,1,
1,45,2,
1,47,1,
1,49,0,
1,49,1,
1,50,2,
1,51,0,
1,51,1,
1,55,0,
1,55,2,
1,60,2,
1,61,0,
1,61,5,
1,67,0,
1,68,0,
1,68,0,
1,69,0,
1,69,0,
1,70,1,
1,70,1,
1,72,2,
1,72,15,
1,73,0,
1,73,4,
1,75,0,
1,76,5,
1,77,0,
10,1,2,
10,1,2,
10,2,0,
10,3,19,
10,3,52,
10,4,9,
10,5,0,
10,6,0,
10,7,0,
10,8,0,
10,8,6,
10,9,2,
10,9,9,
10,11,2,
10,11,8,
10,13,2,
10,13,1,
10,15,1,
10,16,6,
10,18,6,
10,18,8,
10,19,2,
10,20,9,
10,21,0,
10,21,8,
10,22,3,
10,22,3,
10,23,3,
10,23,1,
10,24,0,
10,25,4,
10,25,10,
10,27,0,
10,27,1,
10,28,7,
10,29,0,
10,29,10,
10,30,2,
10,30,1,
10,32,0,
10,33,2,
10,33,10,
10,36,1,
10,36,2,
10,37,0,
10,38,1,
10,38,9,
10,39,4,
10,39,2,
10,40,54,
10,40,174,
10,41,6,
10,41,11,
10,42,3,
10,42,9,
10,43,0,
10,43,1,
10,44,0,
10,45,0,
10,47,4,
10,47,4,
10,51,4,
10,51,5,
10,53,2,
10,53,5,
10,55,15,
10,55,8,
10,59,20,
10,60,0,
10,60,0,
10,63,20,
10,63,48,
10,67,0,
10,67,17,
10,70,0,
10,70,4,
10,72,2,
10,72,5,
10,73,0,
10,73,0,
10,75,0,
10,77,0,
10,77,4,
11,1,1,
11,1,10,
11,2,6,
11,3,0,
11,3,8,
11,4,0,
11,4,1,
11,5,0,
11,6,8,
11,7,0,
11,8,1,
11,8,11,
11,9,3,
11,9,10,
11,10,2,
11,10,11,
11,13,2,
11,13,12,
11,14,0,
11,15,0,
11,16,17,
11,16,51,
11,18,0,
11,19,0,
11,19,0,
11,20,0,
11,21,20,
11,21,61,
11,22,4,
11,22,8,
11,23,2,
11,23,16,
11,24,0,
11,25,6,
11,25,11,
11,27,4,
11,28,5,
11,28,17,
11,29,20,
11,29,61,
11,30,0,
11,30,13,
11,31,0,
11,32,0,
11,33,3,
11,33,11,
11,34,0,
11,35,0,
11,36,6,
11,37,0,
11,37,0,
11,38,8,
11,38,27,
11,39,3,
11,39,11,
11,40,1,
11,40,6,
11,41,2,
11,41,4,
11,42,0,
11,43,2,
11,43,5,
11,44,0,
11,45,3,
11,45,3,
11,47,1,
11,47,1,
11,49,0,
11,49,1,
11,51,0,
11,51,0,
11,53,0,
11,55,14,
11,55,11,
11,59,0,
11,59,3,
11,60,0,
11,60,6,
11,61,7,
11,61,3,
11,63,8,
11,63,4,
11,67,18,
11,67,18,
11,68,0,
11,68,0,
11,72,8,
11,72,9,
11,73,0,
11,73,9,
11,75,8,
11,75,0,
11,77,2,
11,77,6,
12,1,1,
12,1,1,
12,2,4,
12,4,5,
12,5,0,
12,5,2,
12,6,1,
12,7,0,
12,8,1,
12,9,0,
12,11,1,
12,11,1,
12,14,11,
12,14,49,
12,15,0,
12,16,0,
12,18,30,
12,19,1,
12,19,4,
12,20,1,
12,20,4,
12,21,0,
12,22,1,
12,23,0,
12,24,0,
12,24,2,
12,25,1,
12,25,0,
12,26,2,
12,26,14,
12,27,0,
12,28,1,
12,29,0,
12,30,1,
12,30,1,
12,31,13,
12,31,55,
12,32,0,
12,32,2,
12,33,0,
12,35,1,
12,35,2,
12,36,1,
12,36,5,
12,37,1,
12,38,0,
12,38,0,
12,39,0,
12,39,0,
12,41,1,
12,41,3,
12,42,2,
12,42,12,
12,43,0,
12,43,1,
12,44,1,
12,45,0,
12,49,0,
12,49,0,
12,52,0,
12,56,2,
12,58,1,
12,58,4,
12,60,1,
12,61,0,
12,61,1,
12,62,1,
12,68,0,
12,69,0,
12,69,1,
12,72,0,
13,1,0,
13,1,0,
13,2,0,
13,2,3,
13,3,5,
13,3,5,
13,4,2,
13,4,5,
13,7,0,
13,8,0,
13,9,2,
13,10,1,
13,10,5,
13,11,3,
13,11,6,
13,12,0,
13,14,0,
13,15,8,
13,16,1,
13,16,4,
13,17,0,
13,18,0,
13,18,3,
13,19,5,
13,21,1,
13,21,5,
13,22,6,
13,23,13,
13,23,87,
13,24,0,
13,25,0,
13,25,1,
13,27,3,
13,28,0,
13,29,1,
13,29,5,
13,30,3,
13,30,3,
13,31,0,
13,32,0,
13,33,0,
13,33,2,
13,35,6,
13,36,0,
13,37,2,
13,38,1,
13,38,8,
13,39,11,
13,39,70,
13,40,1,
13,40,3,
13,41,1,
13,41,8,
13,43,0,
13,43,1,
13,45,2,
13,46,1,
13,47,2,
13,47,8,
13,55,0,
13,55,0,
13,56,0,
13,56,2,
13,60,0,
13,61,0,
13,62,3,
13,62,1,
13,63,0,
13,63,7,
13,64,0,
13,70,2,
13,70,0,
13,72,2,
13,72,20,
13,73,0,
13,73,2,
13,75,0,
13,77,3,
14,1,2,
14,1,2,
14,2,4,
14,4,5,
14,5,0,
14,5,2,
14,6,1,
14,7,0,
14,8,0,
14,8,1,
14,9,0,
14,11,1,
14,11,2,
14,12,12,
14,12,49,
14,13,0,
14,15,0,
14,16,0,
14,18,33,
14,19,1,
14,19,2,
14,20,1,
14,20,2,
14,21,0,
14,22,3,
14,23,0,
14,24,0,
14,24,2,
14,25,1,
14,25,4,
14,26,2,
14,26,15,
14,27,0,
14,28,2,
14,29,0,
14,30,1,
14,30,3,
14,31,13,
14,31,57,
14,32,0,
14,32,3,
14,33,0,
14,35,2,
14,35,3,
14,36,6,
14,36,4,
14,37,1,
14,38,0,
14,38,0,
14,39,1,
14,39,1,
14,41,1,
14,41,3,
14,42,0,
14,42,12,
14,43,1,
14,43,3,
14,44,1,
14,45,0,
14,49,0,
14,49,1,
14,52,1,
14,56,1,
14,58,1,
14,58,2,
14,60,0,
14,61,0,
14,61,1,
14,62,0,
14,69,1,
14,69,0,
14,77,4,
15,1,4,
15,1,0,
15,3,1,
15,3,1,
15,4,0,
15,5,3,
15,6,3,
15,6,14,
15,7,2,
15,7,17,
15,8,0,
15,9,4,
15,10,1,
15,10,2,
15,11,0,
15,11,0,
15,12,0,
15,12,1,
15,13,0,
15,14,1,
15,16,0,
15,18,0,
15,19,2,
15,19,2,
15,20,0,
15,21,0,
15,22,5,
15,22,29,
15,23,0,
15,24,3,
15,25,2,
15,25,5,
15,26,1,
15,27,3,
15,27,25,
15,28,0,
15,29,0,
15,30,8,
15,30,17,
15,31,1,
15,32,3,
15,33,3,
15,34,0,
15,35,1,
15,35,0,
15,36,1,
15,36,5,
15,37,0,
15,38,0,
15,38,0,
15,39,6,
15,40,0,
15,40,0,
15,41,0,
15,41,0,
15,42,1,
15,43,3,
15,43,9,
15,44,3,
15,44,12,
15,45,6,
15,49,1,
15,49,3,
15,50,1,
15,50,1,
15,51,0,
15,52,4,
15,52,11,
15,53,0,
15,60,0,
15,68,0,
15,68,0,
15,72,0,
15,72,6,
15,73,0,
15,73,5,
15,75,2,
15,75,7,
15,76,7,
15,76,5,
16,1,3,
16,1,7,
16,2,1,
16,3,0,
16,3,14,
16,4,0,
16,4,9,
16,6,0,
16,7,0,
16,8,0,
16,9,2,
16,9,6,
16,10,1,
16,10,6,
16,11,17,
16,11,53,
16,12,0,
16,12,5,
16,13,0,
16,13,4,
16,14,0,
16,15,0,
16,18,0,
16,18,4,
16,20,7,
16,21,15,
16,21,40,
16,22,0,
16,22,0,
16,23,1,
16,23,5,
16,25,3,
16,25,8,
16,26,0,
16,26,10,
16,27,0,
16,28,0,
16,28,0,
16,29,14,
16,29,40,
16,30,0,
16,30,0,
16,32,0,
16,33,2,
16,33,7,
16,34,0,
16,35,10,
16,36,0,
16,37,0,
16,37,1,
16,38,2,
16,38,8,
16,39,1,
16,39,4,
16,40,0,
16,40,5,
16,41,6,
16,41,8,
16,42,0,
16,43,0,
16,43,0,
16,45,0,
16,45,0,
16,47,8,
16,47,5,
16,49,0,
16,49,0,
16,51,0,
16,51,10,
16,53,0,
16,53,1,
16,55,9,
16,55,7,
16,59,0,
16,59,0,
16,60,0,
16,60,0,
16,61,0,
16,61,0,
16,62,0,
16,63,8,
16,63,8,
16,67,0,
16,67,41,
16,68,0,
16,68,0,
16,70,0,
16,70,0,
16,72,2,
16,72,10,
16,73,0,
16,73,1,
16,75,1,
16,75,1,
16,77,0,
16,77,7,
17,1,1,
17,2,5,
17,4,7,
17,8,0,
17,13,0,
17,18,3,
17,23,0,
17,37,0,
17,39,1,
17,46,5,
17,46,3,
17,47,0,
17,56,5,
17,56,6,
17,58,0,
17,64,0,
17,77,0,
18,1,3,
18,1,3,
18,2,4,
18,2,32,
18,4,5,
18,4,34,
18,5,4,
18,6,1,
18,8,1,
18,8,2,
18,9,16,
18,10,8,
18,10,13,
18,11,3,
18,11,12,
18,12,2,
18,12,30,
18,13,0,
18,13,10,
18,14,0,
18,14,29,
18,15,0,
18,16,9,
18,17,2,
18,19,0,
18,19,4,
18,20,2,
18,20,10,
18,21,13,
18,22,0,
18,22,0,
18,23,1,
18,23,1,
18,24,4,
18,25,5,
18,26,9,
18,26,27,
18,27,0,
18,28,1,
18,28,6,
18,29,14,
18,30,2,
18,31,1,
18,31,33,
18,32,4,
18,33,9,
18,34,1,
18,34,6,
18,35,24,
18,35,9,
18,36,2,
18,36,4,
18,37,1,
18,37,1,
18,38,2,
18,38,5,
18,39,7,
18,39,7,
18,40,8,
18,40,0,
18,41,9,
18,41,17,
18,42,34,
18,44,0,
18,46,0,
18,46,0,
18,47,5,
18,47,28,
18,49,0,
18,49,0,
18,56,12,
18,56,8,
18,58,1,
18,58,8,
18,60,0,
18,60,1,
18,61,0,
18,61,1,
18,62,1,
18,62,0,
18,66,4,
18,66,4,
18,67,12,
18,68,0,
18,72,0,
18,72,0,
18,73,4,
19,1,2,
19,1,2,
19,2,2,
19,4,4,
19,5,0,
19,5,2,
19,6,2,
19,6,14,
19,7,2,
19,8,0,
19,8,1,
19,9,1,
19,10,0,
19,11,0,
19,11,0,
19,12,1,
19,12,4,
19,13,0,
19,14,0,
19,14,2,
19,15,2,
19,16,0,
19,18,0,
19,18,4,
19,21,0,
19,22,2,
19,22,5,
19,23,9,
19,24,0,
19,24,2,
19,25,3,
19,27,0,
19,27,2,
19,29,0,
19,30,4,
19,30,17,
19,31,0,
19,31,2,
19,32,0,
19,32,2,
19,33,1,
19,36,1,
19,36,3,
19,37,0,
19,37,0,
19,39,3,
19,40,0,
19,41,0,
19,42,0,
19,42,4,
19,43,2,
19,44,2,
19,44,12,
19,45,1,
19,58,8,
19,58,25,
2,1,0,
2,4,11,
2,4,122,
2,5,1,
2,6,1,
2,8,0,
2,10,4,
2,11,0,
2,11,2,
2,12,4,
2,13,4,
2,14,3,
2,16,1,
2,17,4,
2,17,4,
2,18,6,
2,18,31,
2,19,3,
2,20,0,
2,20,7,
2,21,1,
2,23,4,
2,24,1,
2,26,8,
2,28,1,
2,29,2,
2,30,1,
2,31,3,
2,32,1,
2,34,1,
2,34,5,
2,35,1,
2,35,8,
2,36,3,
2,37,0,
2,38,3,
2,39,1,
2,39,5,
2,40,0,
2,41,2,
2,41,1,
2,42,3,
2,42,4,
2,43,3,
2,44,1,
2,45,0,
2,46,5,
2,46,17,
2,47,2,
2,47,13,
2,55,0,
2,55,0,
2,56,0,
2,56,3,
2,58,0,
2,58,1,
2,60,0,
2,60,4,
2,61,0,
2,62,3,
2,62,20,
2,64,3,
2,64,11,
2,66,1,
2,66,1,
2,69,0,
2,77,0,
20,1,1,
20,1,1,
20,2,3,
20,2,8,
20,4,4,
20,4,9,
20,5,0,
20,6,1,
20,6,0,
20,8,0,
20,8,0,
20,11,7,
20,11,7,
20,12,2,
20,12,4,
20,14,0,
20,14,3,
20,16,0,
20,18,6,
20,18,6,
20,21,0,
20,22,0,
20,24,0,
20,28,7,
20,29,0,
20,30,2,
20,30,2,
20,31,1,
20,31,4,
20,32,0,
20,36,0,
20,36,1,
20,37,0,
20,37,0,
20,38,1,
20,41,4,
20,42,8,
20,42,5,
20,43,0,
20,44,1,
20,44,0,
20,52,0,
20,55,0,
20,55,0,
20,58,0,
20,58,0,
20,60,0,
20,60,0,
20,61,0,
20,61,1,
20,62,0,
20,62,2,
20,63,19,
20,64,39,
20,64,43,
20,66,0,
20,66,0,
20,77,18,
21,1,5,
21,1,9,
21,2,1,
21,3,2,
21,3,9,
21,5,0,
21,6,0,
21,7,0,
21,8,1,
21,8,9,
21,9,2,
21,9,8,
21,10,3,
21,10,8,
21,11,21,
21,11,62,
21,13,1,
21,13,5,
21,15,0,
21,16,13,
21,16,40,
21,19,0,
21,19,0,
21,22,0,
21,22,8,
21,23,1,
21,23,7,
21,24,0,
21,25,4,
21,25,12,
21,27,0,
21,28,5,
21,28,19,
21,29,16,
21,29,46,
21,30,7,
21,30,5,
21,31,0,
21,33,3,
21,33,8,
21,36,1,
21,37,0,
21,37,4,
21,38,8,
21,38,22,
21,39,1,
21,39,7,
21,40,1,
21,40,6,
21,41,0,
21,41,0,
21,43,1,
21,43,3,
21,44,0,
21,45,2,
21,45,2,
21,47,0,
21,47,0,
21,49,0,
21,49,3,
21,51,0,
21,51,0,
21,53,0,
21,55,9,
21,55,7,
21,59,0,
21,59,0,
21,60,0,
21,60,0,
21,61,0,
21,61,0,
21,62,0,
21,63,6,
21,63,6,
21,67,0,
21,67,19,
21,68,0,
21,68,1,
21,72,2,
21,72,8,
21,73,0,
21,73,3,
21,75,7,
21,75,3,
21,77,0,
21,77,5,
22,1,1,
22,1,5,
22,3,0,
22,3,0,
22,4,1,
22,5,5,
22,6,5,
22,6,19,
22,7,3,
22,7,24,
22,8,2,
22,9,5,
22,10,2,
22,10,1,
22,11,0,
22,11,0,
22,12,0,
22,12,2,
22,13,6,
22,14,1,
22,15,4,
22,15,28,
22,16,0,
22,18,0,
22,19,3,
22,19,3,
22,20,0,
22,21,0,
22,23,3,
22,24,5,
22,25,0,
22,25,9,
22,26,1,
22,27,5,
22,27,34,
22,28,0,
22,28,2,
22,29,0,
22,30,7,
22,30,20,
22,31,1,
22,32,5,
22,33,6,
22,34,2,
22,35,1,
22,35,0,
22,36,2,
22,36,7,
22,37,0,
22,38,0,
22,38,0,
22,39,6,
22,40,0,
22,40,1,
22,41,0,
22,41,2,
22,42,2,
22,43,1,
22,43,11,
22,44,4,
22,44,16,
22,45,0,
22,45,8,
22,49,1,
22,49,3,
22,50,2,
22,50,2,
22,51,0,
22,52,5,
22,52,14,
22,53,0,
22,60,1,
22,72,7,
22,72,3,
22,73,0,
22,73,4,
22,75,4,
22,75,9,
22,76,12,
22,76,8,
23,1,3,
23,1,6,
23,2,0,
23,2,4,
23,3,0,
23,3,8,
23,4,1,
23,4,7,
23,5,0,
23,6,0,
23,7,16,
23,8,9,
23,9,0,
23,9,7,
23,10,5,
23,10,1,
23,11,4,
23,11,11,
23,12,4,
23,13,14,
23,13,88,
23,14,0,
23,15,13,
23,16,2,
23,16,9,
23,17,0,
23,18,1,
23,18,3,
23,19,6,
23,21,2,
23,21,8,
23,22,0,
23,22,17,
23,24,0,
23,25,4,
23,25,5,
23,27,9,
23,28,0,
23,28,1,
23,29,2,
23,29,9,
23,30,11,
23,30,0,
23,31,0,
23,32,0,
23,33,0,
23,33,7,
23,35,2,
23,36,1,
23,37,5,
23,38,5,
23,38,11,
23,39,13,
23,39,82,
23,40,3,
23,40,1,
23,41,2,
23,41,9,
23,43,0,
23,43,9,
23,44,0,
23,45,2,
23,46,0,
23,47,1,
23,47,9,
23,55,2,
23,55,6,
23,56,0,
23,56,1,
23,60,1,
23,61,0,
23,61,13,
23,62,2,
23,62,0,
23,63,0,
23,63,0,
23,64,0,
23,70,4,
23,70,0,
23,72,4,
23,72,25,
23,73,0,
23,73,4,
23,75,0,
23,75,15,
23,77,4,
23,77,4,
24,1,0,
24,1,7,
24,2,1,
24,4,2,
24,5,10,
24,5,36,
24,6,4,
24,6,9,
24,7,3,
24,8,6,
24,9,0,
24,9,0,
24,10,5,
24,10,0,
24,11,0,
24,11,0,
24,12,2,
24,12,4,
24,13,0,
24,14,0,
24,14,3,
24,15,0,
24,15,3,
24,16,0,
24,18,1,
24,18,4,
24,19,3,
24,19,4,
24,20,0,
24,21,0,
24,22,1,
24,22,8,
24,23,0,
24,25,4,
24,25,1,
24,26,0,
24,26,1,
24,27,0,
24,27,4,
24,28,2,
24,29,0,
24,30,5,
24,30,12,
24,31,1,
24,31,3,
24,32,11,
24,32,38,
24,33,0,
24,33,0,
24,35,1,
24,35,2,
24,36,9,
24,36,31,
24,37,4,
24,38,0,
24,38,0,
24,39,0,
24,40,0,
24,41,1,
24,41,3,
24,42,1,
24,43,0,
24,43,4,
24,44,3,
24,44,8,
24,45,3,
24,49,0,
24,49,2,
24,50,1,
24,50,1,
24,58,0,
24,58,2,
24,60,0,
24,61,0,
24,61,9,
24,62,0,
24,68,0,
24,69,1,
24,69,1,
24,70,1,
24,70,2,
24,72,0,
24,72,11,
24,73,0,
24,75,1,
25,1,3,
25,1,9,
25,3,1,
25,3,7,
25,5,1,
25,6,1,
25,7,3,
25,8,2,
25,8,8,
25,9,12,
25,9,77,
25,10,3,
25,10,11,
25,11,2,
25,11,12,
25,12,3,
25,12,1,
25,13,0,
25,13,10,
25,14,0,
25,15,3,
25,16,1,
25,16,7,
25,18,1,
25,18,4,
25,19,0,
25,20,0,
25,21,1,
25,21,8,
25,22,2,
25,22,5,
25,23,0,
25,23,15,
25,24,2,
25,27,4,
25,28,1,
25,28,4,
25,29,1,
25,29,9,
25,30,1,
25,30,1,
25,31,0,
25,32,1,
25,33,14,
25,33,85,
25,35,0,
25,36,1,
25,36,1,
25,37,1,
25,37,6,
25,38,1,
25,38,4,
25,39,7,
25,39,5,
25,40,1,
25,40,9,
25,41,0,
25,41,1,
25,43,5,
25,44,1,
25,45,2,
25,49,10,
25,49,15,
25,50,0,
25,50,1,
25,51,0,
25,51,0,
25,53,0,
25,55,2,
25,55,7,
25,60,6,
25,61,1,
25,61,4,
25,63,0,
25,63,0,
25,68,0,
25,68,0,
25,70,1,
25,70,1,
25,72,0,
25,72,19,
25,73,0,
25,73,0,
25,75,1,
25,75,4,
25,77,0,
25,77,2,
26,1,1,
26,1,2,
26,2,7,
26,4,0,
26,4,9,
26,5,0,
26,6,1,
26,6,1,
26,7,0,
26,7,1,
26,8,0,
26,9,0,
26,10,0,
26,11,1,
26,11,1,
26,12,6,
26,12,15,
26,14,4,
26,14,13,
26,15,0,
26,15,1,
26,16,2,
26,16,2,
26,18,1,
26,18,23,
26,21,2,
26,21,2,
26,22,2,
26,22,4,
26,24,0,
26,25,2,
26,27,0,
26,27,2,
26,28,0,
26,28,1,
26,29,5,
26,29,5,
26,30,2,
26,30,2,
26,31,5,
26,31,15,
26,32,0,
26,33,1,
26,36,3,
26,37,0,
26,38,0,
26,38,0,
26,41,1,
26,41,4,
26,42,7,
26,42,68,
26,43,3,
26,44,0,
26,44,0,
26,45,1,
26,49,0,
26,49,0,
26,67,0,
26,67,0,
26,68,0,
26,68,0,
26,77,0,
26,77,5,
27,1,1,
27,1,1,
27,3,1,
27,4,0,
27,5,4,
27,6,4,
27,6,17,
27,7,3,
27,7,23,
27,8,1,
27,9,5,
27,10,0,
27,10,2,
27,11,0,
27,11,0,
27,12,0,
27,12,5,
27,13,0,
27,14,1,
27,15,4,
27,15,25,
27,16,0,
27,18,0,
27,19,1,
27,19,2,
27,20,0,
27,21,0,
27,22,5,
27,22,35,
27,23,2,
27,24,4,
27,25,0,
27,25,5,
27,26,2,
27,28,0,
27,28,0,
27,29,0,
27,30,4,
27,30,20,
27,31,1,
27,32,4,
27,33,5,
27,34,0,
27,35,0,
27,35,0,
27,36,1,
27,36,4,
27,37,0,
27,38,0,
27,38,0,
27,39,6,
27,40,0,
27,40,1,
27,41,0,
27,41,0,
27,42,1,
27,43,0,
27,43,10,
27,44,3,
27,44,14,
27,45,7,
27,49,0,
27,49,4,
27,50,1,
27,50,0,
27,51,0,
27,52,5,
27,52,13,
27,53,0,
27,60,7,
27,68,0,
27,68,0,
27,72,2,
27,72,10,
27,73,0,
27,73,5,
27,75,2,
27,75,8,
27,76,9,
27,76,8,
28,1,5,
28,1,27,
28,2,1,
28,4,2,
28,5,1,
28,5,1,
28,6,1,
28,6,1,
28,7,0,
28,8,3,
28,8,31,
28,9,3,
28,10,1,
28,10,2,
28,11,3,
28,11,12,
28,12,2,
28,12,3,
28,13,0,
28,14,1,
28,15,0,
28,15,0,
28,16,1,
28,16,4,
28,18,0,
28,18,7,
28,19,2,
28,20,0,
28,21,5,
28,21,25,
28,22,0,
28,22,0,
28,23,0,
28,23,0,
28,24,1,
28,24,1,
28,25,0,
28,25,8,
28,26,0,
28,26,2,
28,27,0,
28,27,0,
28,29,2,
28,29,9,
28,30,3,
28,30,5,
28,31,2,
28,32,1,
28,32,1,
28,33,8,
28,35,2,
28,35,1,
28,36,1,
28,36,3,
28,37,2,
28,37,21,
28,38,49,
28,38,91,
28,39,3,
28,39,6,
28,40,0,
28,41,5,
28,41,41,
28,42,0,
28,43,2,
28,44,0,
28,44,1,
28,45,0,
28,47,0,
28,47,3,
28,49,0,
28,49,2,
28,55,0,
28,55,0,
28,60,0,
28,60,0,
28,61,2,
28,61,1,
28,62,0,
28,62,1,
28,67,0,
28,69,1,
28,70,0,
28,70,2,
28,72,1,
28,72,8,
28,75,0,
28,75,0,
28,77,1,
29,1,1,
29,1,8,
29,2,2,
29,3,0,
29,3,8,
29,4,0,
29,4,9,
29,5,0,
29,6,0,
29,7,0,
29,8,1,
29,8,10,
29,9,2,
29,9,8,
29,10,1,
29,10,7,
29,11,20,
29,11,62,
29,12,0,
29,12,8,
29,13,1,
29,13,5,
29,14,0,
29,15,0,
29,16,13,
29,16,39,
29,18,0,
29,18,8,
29,19,0,
29,19,0,
29,20,8,
29,21,15,
29,21,46,
29,22,4,
29,22,7,
29,23,1,
29,23,8,
29,24,0,
29,25,3,
29,25,8,
29,26,0,
29,26,8,
29,27,0,
29,28,1,
29,28,6,
29,30,10,
29,30,0,
29,31,0,
29,32,0,
29,33,3,
29,33,8,
29,34,0,
29,35,0,
29,36,0,
29,37,0,
29,37,0,
29,38,6,
29,38,20,
29,39,3,
29,39,5,
29,40,1,
29,40,9,
29,41,8,
29,41,10,
29,42,0,
29,43,2,
29,43,1,
29,44,0,
29,45,1,
29,45,1,
29,47,7,
29,47,12,
29,49,0,
29,49,1,
29,51,4,
29,55,11,
29,55,8,
29,59,3,
29,59,0,
29,60,0,
29,60,0,
29,61,9,
29,61,0,
29,63,8,
29,63,0,
29,67,0,
29,67,36,
29,70,0,
29,70,0,
29,72,3,
29,72,7,
29,73,0,
29,73,3,
29,75,0,
29,75,9,
29,77,2,
29,77,5,
3,1,0,
3,7,0,
3,9,7,
3,10,26,
3,10,53,
3,11,0,
3,11,1,
3,15,0,
3,16,0,
3,18,6,
3,21,1,
3,22,0,
3,22,3,
3,23,0,
3,25,1,
3,25,9,
3,27,0,
3,28,2,
3,28,10,
3,29,6,
3,30,0,
3,33,0,
3,33,8,
3,37,0,
3,38,3,
3,38,8,
3,39,1,
3,39,1,
3,40,24,
3,40,48,
3,41,0,
3,41,11,
3,42,10,
3,47,0,
3,47,4,
3,51,6,
3,51,6,
3,53,4,
3,53,7,
3,55,15,
3,55,2,
3,70,7,
3,72,0,
3,72,0,
3,73,0,
3,73,1,
3,75,0,
3,75,0,
30,1,2,
30,1,3,
30,2,0,
30,4,1,
30,5,2,
30,5,10,
30,6,21,
30,6,80,
30,7,2,
30,7,13,
30,8,0,
30,8,0,
30,9,1,
30,9,2,
30,10,1,
30,10,1,
30,11,0,
30,11,0,
30,12,1,
30,12,2,
30,13,0,
30,14,0,
30,14,0,
30,15,2,
30,15,16,
30,16,0,
30,18,0,
30,18,1,
30,19,1,
30,19,19,
30,20,1,
30,20,2,
30,21,0,
30,22,7,
30,22,25,
30,23,0,
30,24,2,
30,24,10,
30,25,2,
30,25,4,
30,26,0,
30,26,1,
30,27,2,
30,27,19,
30,28,2,
30,29,0,
30,31,0,
30,31,0,
30,32,3,
30,32,10,
30,33,1,
30,33,2,
30,34,0,
30,35,5,
30,36,4,
30,36,10,
30,37,0,
30,38,0,
30,39,5,
30,39,0,
30,40,0,
30,40,0,
30,41,0,
30,41,3,
30,42,0,
30,42,1,
30,43,3,
30,43,8,
30,44,17,
30,44,70,
30,45,2,
30,45,5,
30,49,1,
30,49,0,
30,50,2,
30,50,6,
30,51,0,
30,52,4,
30,52,11,
30,60,0,
30,60,1,
30,61,6,
30,61,5,
30,62,0,
30,62,0,
30,65,7,
30,65,14,
30,68,4,
30,72,0,
30,72,8,
30,73,0,
30,75,7,
30,75,4,
31,1,0,
31,1,4,
31,2,5,
31,4,5,
31,5,0,
31,5,3,
31,6,1,
31,7,0,
31,8,0,
31,8,1,
31,9,0,
31,11,0,
31,11,0,
31,12,12,
31,12,54,
31,13,0,
31,14,16,
31,14,57,
31,15,0,
31,16,0,
31,18,37,
31,19,2,
31,19,2,
31,20,0,
31,20,2,
31,21,3,
31,22,5,
31,23,0,
31,24,0,
31,24,3,
31,25,1,
31,25,3,
31,26,5,
31,26,19,
31,27,0,
31,28,2,
31,29,0,
31,30,0,
31,30,2,
31,32,0,
31,32,3,
31,33,1,
31,35,3,
31,35,2,
31,36,3,
31,36,4,
31,37,1,
31,38,0,
31,38,0,
31,39,1,
31,39,2,
31,41,0,
31,41,5,
31,42,0,
31,42,16,
31,43,0,
31,43,2,
31,44,1,
31,45,0,
31,49,0,
31,49,1,
31,52,2,
31,56,1,
31,58,0,
31,58,3,
31,60,0,
31,61,0,
31,61,1,
31,62,1,
31,68,0,
31,69,0,
31,69,0,
31,72,0,
32,1,0,
32,1,6,
32,2,1,
32,4,1,
32,5,9,
32,5,38,
32,6,4,
32,6,10,
32,7,3,
32,8,6,
32,9,0,
32,9,0,
32,10,5,
32,11,0,
32,11,0,
32,12,1,
32,12,4,
32,13,0,
32,14,0,
32,14,3,
32,15,0,
32,15,3,
32,16,0,
32,18,2,
32,18,3,
32,19,2,
32,19,2,
32,20,0,
32,20,0,
32,22,2,
32,22,5,
32,23,0,
32,24,10,
32,24,38,
32,25,0,
32,25,1,
32,26,0,
32,26,1,
32,27,0,
32,27,4,
32,28,2,
32,29,0,
32,30,7,
32,30,15,
32,31,1,
32,31,3,
32,33,0,
32,33,0,
32,35,1,
32,35,1,
32,36,9,
32,36,34,
32,37,4,
32,38,1,
32,38,3,
32,39,1,
32,40,0,
32,41,2,
32,41,5,
32,42,3,
32,43,1,
32,43,4,
32,44,3,
32,44,8,
32,45,3,
32,49,0,
32,49,2,
32,50,1,
32,50,1,
32,58,0,
32,58,2,
32,60,1,
32,61,1,
32,61,8,
32,62,1,
32,69,2,
32,69,2,
32,70,0,
32,70,2,
32,72,0,
32,72,12,
32,75,0,
33,1,3,
33,1,8,
33,3,0,
33,3,6,
33,5,3,
33,6,7,
33,7,6,
33,8,2,
33,8,9,
33,9,14,
33,9,82,
33,10,4,
33,10,11,
33,11,5,
33,11,14,
33,12,1,
33,12,3,
33,13,0,
33,13,6,
33,14,0,
33,15,10,
33,16,1,
33,16,8,
33,18,0,
33,18,0,
33,19,0,
33,20,0,
33,20,0,
33,21,1,
33,21,10,
33,22,2,
33,22,14,
33,23,0,
33,23,5,
33,24,1,
33,25,14,
33,25,87,
33,27,5,
33,28,1,
33,28,7,
33,29,1,
33,29,9,
33,30,0,
33,30,8,
33,31,0,
33,32,1,
33,36,2,
33,36,2,
33,37,1,
33,37,6,
33,38,1,
33,38,2,
33,39,3,
33,39,5,
33,40,2,
33,40,10,
33,41,0,
33,41,0,
33,43,2,
33,44,3,
33,45,3,
33,49,12,
33,49,14,
33,50,0,
33,50,1,
33,51,0,
33,51,0,
33,53,0,
33,55,4,
33,55,7,
33,60,0,
33,61,0,
33,61,8,
33,63,0,
33,63,0,
33,68,0,
33,68,0,
33,70,1,
33,70,1,
33,72,6,
33,72,6,
33,73,0,
33,73,8,
33,75,2,
33,75,3,
33,77,4,
34,2,5,
34,2,8,
34,4,7,
34,4,10,
34,7,0,
34,11,16,
34,13,1,
34,15,0,
34,16,0,
34,18,0,
34,21,0,
34,22,2,
34,23,1,
34,27,0,
34,29,0,
34,30,0,
34,39,3,
34,41,3,
34,41,1,
34,58,0,
34,58,0,
34,61,1,
34,66,0,
34,67,0,
35,1,1,
35,1,2,
35,2,12,
35,4,14,
35,5,1,
35,6,3,
35,8,2,
35,8,6,
35,9,17,
35,9,0,
35,10,16,
35,11,4,
35,11,9,
35,12,2,
35,12,4,
35,13,0,
35,13,10,
35,14,0,
35,14,2,
35,15,0,
35,16,0,
35,16,0,
35,18,4,
35,18,13,
35,21,0,
35,21,0,
35,22,2,
35,23,0,
35,23,1,
35,24,1,
35,25,6,
35,25,6,
35,27,0,
35,28,9,
35,28,0,
35,29,0,
35,29,0,
35,30,0,
35,30,5,
35,31,1,
35,31,2,
35,32,1,
35,33,5,
35,33,0,
35,36,0,
35,36,3,
35,37,0,
35,37,3,
35,38,0,
35,38,0,
35,39,2,
35,39,5,
35,40,0,
35,41,6,
35,42,9,
35,42,17,
35,43,0,
35,44,2,
35,51,0,
35,51,18,
35,62,0,
35,62,0,
35,68,0,
35,68,8,
35,72,16,
35,72,0,
35,77,0,
35,77,12,
36,1,1,
36,1,4,
36,2,0,
36,4,2,
36,5,9,
36,5,32,
36,6,3,
36,6,8,
36,7,2,
36,8,5,
36,9,0,
36,10,1,
36,10,1,
36,11,0,
36,11,0,
36,12,1,
36,12,3,
36,13,0,
36,14,0,
36,14,2,
36,15,2,
36,16,0,
36,18,1,
36,18,5,
36,19,1,
36,19,2,
36,20,0,
36,21,0,
36,22,4,
36,22,6,
36,23,0,
36,24,8,
36,24,31,
36,25,2,
36,25,4,
36,26,1,
36,26,0,
36,27,0,
36,27,3,
36,28,2,
36,29,0,
36,30,4,
36,30,10,
36,31,0,
36,31,3,
36,32,8,
36,32,33,
36,33,0,
36,33,0,
36,35,1,
36,35,1,
36,37,3,
36,38,0,
36,38,0,
36,39,2,
36,40,0,
36,41,1,
36,41,4,
36,42,2,
36,43,1,
36,43,4,
36,44,3,
36,44,7,
36,45,3,
36,49,0,
36,49,3,
36,50,0,
36,50,0,
36,58,0,
36,58,3,
36,60,0,
36,61,0,
36,61,6,
36,62,1,
36,69,0,
36,69,2,
36,70,0,
36,70,1,
36,72,3,
36,72,10,
36,75,1,
37,1,3,
37,1,43,
37,2,1,
37,4,1,
37,5,4,
37,6,0,
37,7,0,
37,8,4,
37,8,54,
37,9,1,
37,9,5,
37,10,0,
37,10,0,
37,11,0,
37,11,0,
37,12,1,
37,12,1,
37,13,0,
37,14,1,
37,15,1,
37,16,0,
37,16,0,
37,17,0,
37,18,0,
37,18,1,
37,19,0,
37,19,0,
37,20,1,
37,21,1,
37,21,7,
37,22,3,
37,22,3,
37,23,8,
37,24,4,
37,25,2,
37,25,9,
37,26,1,
37,26,1,
37,27,1,
37,28,1,
37,28,20,
37,29,1,
37,29,6,
37,30,1,
37,31,1,
37,32,4,
37,33,1,
37,33,5,
37,35,1,
37,36,6,
37,36,5,
37,38,1,
37,38,19,
37,39,0,
37,39,0,
37,41,1,
37,41,17,
37,42,1,
37,43,2,
37,43,2,
37,44,0,
37,45,0,
37,45,2,
37,47,5,
37,47,1,
37,49,0,
37,49,0,
37,50,0,
37,51,0,
37,55,0,
37,60,0,
37,60,0,
37,61,2,
37,61,3,
37,69,0,
37,69,1,
37,70,0,
37,70,1,
37,72,1,
37,72,15,
37,73,0,
37,75,0,
37,75,1,
37,76,0,
37,76,2,
37,77,1,
38,1,3,
38,1,29,
38,2,1,
38,3,0,
38,5,0,
38,5,0,
38,6,0,
38,6,0,
38,7,0,
38,7,0,
38,8,3,
38,8,32,
38,9,2,
38,10,0,
38,11,5,
38,11,23,
38,12,0,
38,12,0,
38,13,0,
38,13,1,
38,14,0,
38,15,0,
38,15,1,
38,16,2,
38,16,10,
38,18,0,
38,18,0,
38,19,0,
38,21,4,
38,21,21,
38,22,1,
38,22,1,
38,23,0,
38,23,6,
38,24,2,
38,24,2,
38,25,1,
38,25,5,
38,26,0,
38,26,0,
38,27,0,
38,27,4,
38,28,49,
38,28,92,
38,29,4,
38,29,19,
38,30,2,
38,30,2,
38,31,1,
38,32,0,
38,32,0,
38,33,7,
38,35,0,
38,36,0,
38,36,0,
38,37,2,
38,37,17,
38,39,2,
38,39,9,
38,40,0,
38,41,6,
38,41,46,
38,43,0,
38,44,2,
38,44,2,
38,45,0,
38,47,0,
38,47,0,
38,49,2,
38,49,1,
38,60,0,
38,60,2,
38,61,2,
38,61,2,
38,62,0,
38,62,1,
38,67,0,
38,69,0,
38,70,0,
38,72,2,
38,72,8,
38,73,0,
38,73,1,
38,75,0,
38,75,0,
39,1,0,
39,1,5,
39,2,0,
39,2,3,
39,4,2,
39,4,5,
39,5,0,
39,6,0,
39,7,0,
39,8,3,
39,9,3,
39,10,3,
39,10,3,
39,11,3,
39,11,8,
39,12,0,
39,13,10,
39,13,73,
39,14,0,
39,15,0,
39,16,1,
39,16,5,
39,17,1,
39,18,1,
39,18,3,
39,19,0,
39,21,1,
39,21,4,
39,22,0,
39,22,8,
39,23,14,
39,23,81,
39,24,0,
39,25,4,
39,25,2,
39,27,2,
39,28,0,
39,28,5,
39,29,1,
39,29,4,
39,30,0,
39,30,0,
39,32,0,
39,33,0,
39,33,4,
39,35,3,
39,36,0,
39,37,0,
39,38,0,
39,38,6,
39,40,2,
39,40,1,
39,41,3,
39,41,7,
39,43,3,
39,43,5,
39,45,3,
39,46,1,
39,47,0,
39,47,9,
39,51,0,
39,55,1,
39,55,5,
39,56,0,
39,56,2,
39,60,0,
39,61,0,
39,61,0,
39,62,0,
39,62,1,
39,63,9,
39,63,0,
39,64,0,
39,70,3,
39,70,3,
39,72,5,
39,72,25,
39,73,1,
39,73,2,
39,75,7,
39,75,0,
39,77,5,
4,1,3,
4,2,12,
4,2,122,
4,5,1,
4,6,1,
4,8,1,
4,10,16,
4,11,5,
4,11,10,
4,12,4,
4,13,7,
4,14,3,
4,16,8,
4,17,3,
4,17,5,
4,18,8,
4,18,31,
4,19,3,
4,20,2,
4,20,8,
4,21,10,
4,23,4,
4,24,1,
4,25,6,
4,26,10,
4,28,2,
4,29,13,
4,30,2,
4,31,3,
4,32,1,
4,34,2,
4,34,7,
4,35,3,
4,35,10,
4,36,1,
4,37,0,
4,38,0,
4,39,0,
4,39,12,
4,40,0,
4,41,2,
4,41,1,
4,42,3,
4,42,5,
4,43,1,
4,44,1,
4,45,0,
4,46,5,
4,46,15,
4,47,3,
4,47,17,
4,55,11,
4,56,5,
4,58,0,
4,58,0,
4,60,0,
4,60,3,
4,61,1,
4,62,2,
4,62,21,
4,64,4,
4,64,10,
4,66,0,
4,66,1,
4,69,0,
40,1,1,
40,1,5,
40,2,0,
40,3,18,
40,3,47,
40,4,6,
40,5,0,
40,6,0,
40,7,0,
40,8,0,
40,8,7,
40,9,2,
40,9,8,
40,10,53,
40,10,174,
40,11,3,
40,11,8,
40,13,2,
40,13,1,
40,15,0,
40,16,6,
40,18,4,
40,18,4,
40,19,0,
40,20,0,
40,21,0,
40,21,7,
40,22,2,
40,22,3,
40,23,2,
40,23,1,
40,24,0,
40,25,4,
40,25,12,
40,27,0,
40,27,1,
40,28,7,
40,29,0,
40,29,13,
40,30,0,
40,30,3,
40,32,0,
40,33,2,
40,33,9,
40,36,2,
40,36,3,
40,37,5,
40,38,0,
40,38,8,
40,39,3,
40,39,2,
40,41,0,
40,41,10,
40,42,5,
40,42,5,
40,43,0,
40,43,1,
40,44,0,
40,45,0,
40,47,6,
40,47,0,
40,51,2,
40,51,6,
40,53,2,
40,53,5,
40,55,13,
40,55,9,
40,59,14,
40,60,0,
40,60,0,
40,63,24,
40,63,45,
40,67,0,
40,67,17,
40,68,0,
40,68,0,
40,70,0,
40,70,8,
40,72,1,
40,72,1,
40,73,0,
40,73,0,
40,75,0,
40,77,1,
40,77,4,
41,1,1,
41,1,7,
41,2,0,
41,3,8,
41,4,2,
41,5,0,
41,5,3,
41,6,0,
41,6,3,
41,7,1,
41,8,3,
41,8,19,
41,9,0,
41,9,12,
41,10,4,
41,10,6,
41,11,0,
41,11,0,
41,12,3,
41,12,5,
41,13,1,
41,13,9,
41,14,1,
41,14,3,
41,15,1,
41,16,2,
41,16,5,
41,18,13,
41,18,22,
41,20,9,
41,21,2,
41,21,8,
41,22,1,
41,22,3,
41,23,2,
41,23,16,
41,24,0,
41,24,3,
41,25,1,
41,25,5,
41,26,0,
41,26,4,
41,27,0,
41,27,0,
41,28,6,
41,28,45,
41,29,2,
41,29,8,
41,30,1,
41,30,4,
41,31,1,
41,31,4,
41,32,0,
41,32,3,
41,33,0,
41,33,0,
41,34,5,
41,35,4,
41,35,1,
41,36,3,
41,36,5,
41,37,2,
41,37,15,
41,38,6,
41,38,47,
41,39,3,
41,39,10,
41,40,3,
41,40,1,
41,42,2,
41,43,6,
41,44,0,
41,44,2,
41,45,0,
41,47,0,
41,47,0,
41,49,0,
41,49,0,
41,51,7,
41,55,1,
41,55,5,
41,60,0,
41,60,0,
41,61,1,
41,61,0,
41,62,1,
41,67,53,
41,68,0,
41,68,1,
41,70,4,
41,70,4,
41,72,6,
41,72,24,
41,77,0,
41,77,0,
42,1,0,
42,2,1,
42,2,6,
42,3,0,
42,4,3,
42,4,8,
42,5,0,
42,5,2,
42,6,1,
42,7,0,
42,8,2,
42,10,16,
42,11,16,
42,12,3,
42,12,18,
42,14,1,
42,14,17,
42,15,0,
42,15,0,
42,16,0,
42,18,4,
42,18,34,
42,19,1,
42,19,3,
42,20,2,
42,20,6,
42,21,0,
42,22,2,
42,22,3,
42,24,0,
42,24,2,
42,26,7,
42,26,69,
42,27,0,
42,27,0,
42,28,2,
42,29,0,
42,30,0,
42,30,3,
42,31,2,
42,31,19,
42,32,0,
42,32,2,
42,34,0,
42,35,1,
42,35,12,
42,36,2,
42,36,2,
42,37,1,
42,38,5,
42,40,0,
42,41,0,
42,41,3,
42,44,1,
42,47,0,
42,47,7,
42,49,0,
42,49,3,
42,58,0,
42,58,9,
42,60,1,
42,60,2,
42,61,0,
42,66,2,
42,66,5,
42,69,0,
42,73,0,
42,73,0,
43,1,4,
43,5,1,
43,5,5,
43,6,2,
43,6,8,
43,7,6,
43,8,2,
43,9,1,
43,9,4,
43,10,1,
43,11,0,
43,11,0,
43,12,1,
43,13,0,
43,14,0,
43,15,0,
43,15,7,
43,16,0,
43,18,1,
43,19,2,
43,21,4,
43,22,6,
43,22,12,
43,23,2,
43,24,1,
43,24,6,
43,25,1,
43,25,4,
43,26,0,
43,26,2,
43,27,0,
43,27,8,
43,28,1,
43,29,4,
43,30,4,
43,30,9,
43,31,0,
43,32,1,
43,32,6,
43,33,1,
43,33,4,
43,36,2,
43,36,7,
43,37,1,
43,38,0,
43,39,7,
43,40,0,
43,41,4,
43,44,2,
43,44,7,
43,45,2,
43,45,20,
43,49,10,
43,49,11,
43,50,0,
43,50,1,
43,53,4,
43,56,0,
43,61,1,
43,61,2,
43,68,0,
43,69,0,
43,70,0,
43,70,0,
43,72,0,
43,72,12,
43,73,0,
43,75,0,
43,75,0,
43,77,5,
44,1,1,
44,1,3,
44,2,0,
44,4,0,
44,5,2,
44,5,8,
44,6,16,
44,6,64,
44,7,1,
44,7,11,
44,8,0,
44,8,0,
44,9,0,
44,9,1,
44,10,0,
44,10,2,
44,11,0,
44,11,0,
44,12,3,
44,12,1,
44,14,0,
44,15,1,
44,15,12,
44,16,0,
44,18,1,
44,18,1,
44,19,2,
44,19,14,
44,20,0,
44,20,0,
44,21,0,
44,22,3,
44,22,20,
44,24,2,
44,24,8,
44,25,3,
44,25,2,
44,26,0,
44,26,1,
44,27,2,
44,27,15,
44,28,1,
44,29,0,
44,30,17,
44,30,68,
44,31,0,
44,32,2,
44,32,8,
44,33,0,
44,33,2,
44,35,5,
44,36,3,
44,36,8,
44,37,0,
44,38,0,
44,39,8,
44,39,0,
44,40,0,
44,41,1,
44,41,3,
44,42,0,
44,42,2,
44,43,5,
44,43,6,
44,45,2,
44,45,4,
44,49,1,
44,49,0,
44,50,2,
44,50,2,
44,51,0,
44,52,2,
44,52,11,
44,60,0,
44,60,0,
44,61,5,
44,61,4,
44,62,0,
44,62,0,
44,65,4,
44,65,10,
44,72,5,
44,72,5,
44,73,0,
44,75,6,
44,75,2,
45,1,2,
45,5,1,
45,5,4,
45,6,2,
45,6,6,
45,7,5,
45,8,2,
45,9,0,
45,9,3,
45,10,0,
45,11,1,
45,11,3,
45,12,0,
45,13,0,
45,14,0,
45,15,5,
45,16,0,
45,18,0,
45,19,1,
45,21,3,
45,22,0,
45,22,9,
45,23,0,
45,24,1,
45,24,4,
45,25,3,
45,25,5,
45,26,0,
45,27,0,
45,27,7,
45,28,0,
45,29,4,
45,30,4,
45,30,9,
45,31,0,
45,32,1,
45,32,4,
45,33,1,
45,33,3,
45,36,2,
45,36,7,
45,37,1,
45,38,0,
45,39,6,
45,40,0,
45,41,0,
45,43,1,
45,43,20,
45,44,1,
45,44,5,
45,49,7,
45,49,9,
45,50,2,
45,50,1,
45,53,1,
45,61,1,
45,61,1,
45,68,0,
45,69,0,
45,70,1,
45,70,1,
45,72,0,
45,72,0,
45,73,0,
45,75,0,
45,75,1,
45,77,0,
46,2,5,
46,2,13,
46,4,4,
46,4,13,
46,13,2,
46,13,0,
46,17,1,
46,17,1,
46,18,2,
46,18,17,
46,23,1,
46,23,0,
46,39,0,
46,39,0,
46,57,8,
46,57,12,
46,62,1,
46,62,8,
47,1,0,
47,1,0,
47,2,4,
47,2,3,
47,3,0,
47,3,16,
47,4,1,
47,4,7,
47,8,0,
47,8,0,
47,10,0,
47,10,9,
47,11,3,
47,11,9,
47,13,0,
47,13,12,
47,16,3,
47,16,9,
47,17,1,
47,18,11,
47,18,18,
47,21,7,
47,21,7,
47,23,0,
47,23,4,
47,28,2,
47,28,1,
47,29,0,
47,29,14,
47,37,1,
47,37,1,
47,38,1,
47,38,1,
47,39,2,
47,39,10,
47,40,6,
47,40,6,
47,41,0,
47,41,10,
47,42,0,
47,42,4,
47,51,0,
47,51,19,
47,53,0,
47,53,17,
47,57,5,
47,57,11,
47,62,0,
47,62,11,
47,67,2,
47,67,22,
47,72,0,
47,72,14,
47,73,0,
47,73,0,
47,77,25,
47,77,9,
49,1,1,
49,1,3,
49,5,1,
49,5,1,
49,6,0,
49,6,0,
49,7,2,
49,8,1,
49,8,3,
49,9,8,
49,9,8,
49,11,4,
49,11,2,
49,12,1,
49,14,2,
49,15,1,
49,16,3,
49,16,1,
49,18,0,
49,20,0,
49,21,5,
49,21,5,
49,22,2,
49,24,3,
49,24,1,
49,25,6,
49,25,8,
49,26,2,
49,26,1,
49,27,3,
49,28,0,
49,28,0,
49,29,4,
49,29,1,
49,30,0,
49,30,0,
49,31,2,
49,32,1,
49,32,1,
49,33,8,
49,33,8,
49,34,0,
49,36,0,
49,36,1,
49,37,0,
49,37,1,
49,38,0,
49,38,0,
49,41,0,
49,41,2,
49,42,0,
49,42,0,
49,43,0,
49,43,3,
49,44,0,
49,44,2,
49,45,0,
49,45,2,
49,49,0,
49,49,7,
49,50,0,
49,50,2,
49,60,5,
49,60,5,
49,62,0,
49,62,0,
49,70,2,
49,70,4,
49,72,3,
49,72,16,
49,73,0,
49,73,5,
5,1,1,
5,1,5,
5,2,1,
5,4,1,
5,6,4,
5,6,9,
5,7,2,
5,8,6,
5,9,0,
5,9,0,
5,10,0,
5,10,1,
5,11,0,
5,11,0,
5,12,4,
5,12,4,
5,13,0,
5,14,0,
5,14,3,
5,15,0,
5,15,3,
5,16,0,
5,18,1,
5,18,3,
5,19,2,
5,19,2,
5,20,0,
5,21,0,
5,22,5,
5,22,6,
5,23,0,
5,24,9,
5,24,36,
5,25,1,
5,25,1,
5,26,1,
5,26,2,
5,27,0,
5,27,3,
5,28,2,
5,29,0,
5,30,5,
5,30,10,
5,31,1,
5,31,3,
5,32,10,
5,32,37,
5,33,0,
5,33,0,
5,35,2,
5,35,2,
5,36,8,
5,36,31,
5,37,4,
5,38,0,
5,38,0,
5,39,0,
5,40,0,
5,41,1,
5,41,3,
5,42,1,
5,43,1,
5,43,8,
5,44,3,
5,44,8,
5,45,3,
5,49,1,
5,49,2,
5,50,1,
5,50,1,
5,58,1,
5,58,3,
5,60,0,
5,61,2,
5,61,7,
5,62,1,
5,69,2,
5,69,1,
5,70,1,
5,70,2,
5,72,7,
5,72,7,
5,75,1,
50,1,1,
50,1,3,
50,5,2,
50,6,0,
50,6,5,
50,8,2,
50,8,5,
50,9,4,
50,9,0,
50,24,1,
50,25,1,
50,25,0,
50,30,0,
50,30,3,
50,32,0,
50,32,2,
50,33,1,
50,33,0,
50,36,2,
50,37,0,
50,37,2,
50,43,0,
50,44,0,
50,44,3,
50,45,0,
50,45,0,
50,49,0,
50,49,2,
50,52,0,
50,52,4,
50,58,10,
50,58,12,
50,61,2,
50,61,0,
50,66,7,
50,66,41,
50,69,6,
50,69,3,
51,1,0,
51,1,1,
51,3,8,
51,3,20,
51,6,0,
51,8,0,
51,9,0,
51,9,1,
51,10,3,
51,10,10,
51,11,0,
51,11,0,
51,16,1,
51,16,1,
51,21,1,
51,21,2,
51,25,0,
51,25,0,
51,26,9,
51,28,4,
51,28,4,
51,29,1,
51,29,1,
51,30,0,
51,33,0,
51,33,0,
51,37,0,
51,38,0,
51,38,0,
51,40,4,
51,40,9,
51,44,0,
51,47,3,
51,47,3,
51,51,0,
51,51,4,
51,53,17,
51,53,9,
51,57,7,
51,60,1,
51,68,5,
51,68,7,
51,70,11,
51,72,3,
51,72,3,
51,77,0,
51,77,14,
52,2,0,
52,2,0,
52,4,0,
52,4,0,
52,5,0,
52,6,0,
52,6,3,
52,7,1,
52,12,0,
52,12,1,
52,14,1,
52,14,1,
52,15,0,
52,18,0,
52,18,1,
52,19,3,
52,19,13,
52,20,2,
52,20,2,
52,22,2,
52,24,0,
52,27,2,
52,30,1,
52,30,3,
52,31,1,
52,31,1,
52,32,1,
52,34,0,
52,34,0,
52,36,1,
52,42,1,
52,42,5,
52,44,1,
52,44,3,
52,50,4,
52,50,9,
52,55,4,
52,55,1,
52,61,59,
52,61,51,
52,65,4,
52,65,10,
53,3,0,
53,3,12,
53,5,0,
53,6,0,
53,6,1,
53,9,0,
53,10,6,
53,10,16,
53,11,0,
53,16,0,
53,18,0,
53,21,0,
53,21,0,
53,25,0,
53,25,0,
53,26,0,
53,29,0,
53,29,6,
53,30,1,
53,33,0,
53,33,0,
53,36,0,
53,40,5,
53,40,14,
53,41,0,
53,41,8,
53,43,0,
53,44,0,
53,45,2,
53,47,0,
53,47,4,
53,51,40,
53,51,30,
53,53,0,
53,53,1,
53,55,5,
53,55,11,
53,59,10,
53,59,2,
53,67,0,
53,67,8,
53,70,8,
53,70,8,
53,75,0,
53,75,9,
55,1,0,
55,2,1,
55,3,5,
55,3,7,
55,4,12,
55,8,0,
55,9,1,
55,9,2,
55,10,4,
55,10,7,
55,11,5,
55,11,4,
55,13,0,
55,13,8,
55,16,4,
55,16,2,
55,20,3,
55,20,9,
55,21,5,
55,21,5,
55,23,0,
55,23,5,
55,25,2,
55,25,1,
55,29,4,
55,29,4,
55,33,0,
55,33,0,
55,34,0,
55,39,0,
55,39,3,
55,40,4,
55,40,6,
55,41,0,
55,41,0,
55,53,3,
55,53,10,
55,57,0,
55,57,1,
55,60,0,
55,60,8,
55,62,3,
55,62,3,
55,68,115,
55,68,180,
55,72,4,
55,72,6,
55,73,1,
55,73,7,
55,77,8,
55,77,2,
56,2,2,
56,4,1,
56,12,1,
56,12,1,
56,13,0,
56,14,2,
56,14,0,
56,17,3,
56,18,3,
56,18,9,
56,23,0,
56,23,0,
56,28,1,
56,31,2,
56,31,2,
56,36,0,
56,38,0,
56,39,0,
56,39,0,
56,41,0,
56,41,5,
56,51,12,
56,57,1,
56,57,1,
56,77,0,
57,1,6,
57,2,1,
57,2,5,
57,4,2,
57,4,5,
57,5,2,
57,8,0,
57,10,3,
57,13,1,
57,13,1,
57,18,3,
57,18,1,
57,20,0,
57,20,1,
57,23,3,
57,23,5,
57,24,0,
57,26,1,
57,26,2,
57,32,1,
57,34,0,
57,34,0,
57,35,0,
57,35,2,
57,36,1,
57,37,0,
57,39,1,
57,39,2,
57,40,0,
57,40,0,
57,46,1,
57,46,4,
57,47,6,
57,47,4,
57,55,0,
57,55,0,
57,56,1,
57,56,1,
57,57,10,
57,60,3,
57,60,6,
57,66,12,
57,66,6,
57,67,1,
58,2,0,
58,4,0,
58,6,1,
58,6,0,
58,12,0,
58,12,0,
58,14,0,
58,14,0,
58,19,0,
58,19,0,
58,20,0,
58,20,0,
58,30,0,
58,42,0,
58,44,0,
58,44,0,
58,50,0,
58,50,0,
58,55,0,
58,55,0,
58,75,0,
58,75,0,
59,10,8,
59,11,0,
59,16,0,
59,21,4,
59,29,0,
59,40,12,
59,53,17,
59,53,13,
6,1,2,
6,1,4,
6,2,0,
6,3,0,
6,4,2,
6,5,2,
6,5,9,
6,7,1,
6,7,13,
6,8,0,
6,8,0,
6,9,0,
6,9,2,
6,10,2,
6,10,1,
6,11,0,
6,11,0,
6,12,2,
6,12,3,
6,14,0,
6,15,2,
6,15,14,
6,16,0,
6,18,1,
6,18,1,
6,19,1,
6,19,17,
6,20,1,
6,20,1,
6,21,0,
6,22,4,
6,22,20,
6,23,0,
6,24,2,
6,24,9,
6,25,1,
6,25,4,
6,26,1,
6,26,2,
6,27,2,
6,27,18,
6,28,2,
6,29,0,
6,30,21,
6,30,79,
6,31,0,
6,31,0,
6,32,2,
6,32,10,
6,33,2,
6,33,3,
6,35,0,
6,35,5,
6,36,5,
6,36,12,
6,37,0,
6,38,0,
6,39,3,
6,39,3,
6,40,0,
6,41,1,
6,41,3,
6,42,1,
6,42,2,
6,43,3,
6,43,6,
6,44,17,
6,44,64,
6,45,2,
6,45,5,
6,49,1,
6,49,0,
6,50,2,
6,50,1,
6,51,0,
6,52,4,
6,52,11,
6,60,0,
6,60,0,
6,61,6,
6,61,4,
6,62,0,
6,62,0,
6,65,7,
6,65,13,
6,68,0,
6,72,0,
6,72,10,
6,73,0,
6,73,0,
6,75,8,
6,75,4,
60,1,0,
60,1,0,
60,5,1,
60,6,0,
60,6,0,
60,7,0,
60,8,0,
60,9,0,
60,10,0,
60,10,3,
60,11,3,
60,12,2,
60,13,0,
60,13,0,
60,14,2,
60,15,10,
60,16,0,
60,16,7,
60,18,1,
60,18,0,
60,20,0,
60,21,0,
60,21,0,
60,22,4,
60,23,0,
60,23,2,
60,24,1,
60,27,10,
60,28,1,
60,29,0,
60,30,0,
60,31,2,
60,32,0,
60,33,0,
60,33,5,
60,36,1,
60,37,0,
60,37,0,
60,38,1,
60,38,1,
60,39,1,
60,39,1,
60,40,0,
60,40,0,
60,41,1,
60,41,0,
60,42,0,
60,42,5,
60,44,0,
60,44,0,
60,51,3,
60,51,5,
60,55,6,
60,57,0,
60,57,1,
60,63,0,
60,63,0,
60,66,0,
60,66,2,
60,67,0,
60,67,0,
61,1,1,
61,1,5,
61,2,1,
61,2,0,
61,4,0,
61,4,3,
61,5,2,
61,5,10,
61,6,9,
61,6,13,
61,7,1,
61,7,5,
61,8,2,
61,8,8,
61,9,0,
61,9,12,
61,11,0,
61,11,0,
61,12,1,
61,12,2,
61,13,3,
61,13,5,
61,14,0,
61,14,5,
61,15,1,
61,15,3,
61,16,0,
61,16,0,
61,18,0,
61,18,0,
61,20,3,
61,20,6,
61,21,5,
61,21,4,
61,22,3,
61,22,5,
61,23,0,
61,23,2,
61,24,2,
61,24,9,
61,25,1,
61,25,10,
61,27,2,
61,27,5,
61,28,6,
61,28,9,
61,29,5,
61,29,2,
61,30,12,
61,30,15,
61,31,1,
61,31,5,
61,32,1,
61,32,9,
61,33,1,
61,33,15,
61,34,0,
61,34,0,
61,36,2,
61,36,7,
61,37,2,
61,37,4,
61,38,2,
61,38,3,
61,39,0,
61,39,6,
61,41,5,
61,41,6,
61,42,0,
61,42,4,
61,43,1,
61,43,5,
61,44,8,
61,44,12,
61,45,3,
61,45,4,
61,50,0,
61,50,4,
61,62,0,
61,62,1,
61,72,7,
61,72,22,
61,73,3,
61,73,3,
61,75,0,
62,2,2,
62,2,14,
62,4,4,
62,4,13,
62,5,0,
62,12,1,
62,13,0,
62,14,0,
62,18,0,
62,18,2,
62,20,0,
62,20,0,
62,23,2,
62,24,1,
62,26,3,
62,28,0,
62,28,3,
62,31,0,
62,32,0,
62,32,0,
62,36,1,
62,38,0,
62,38,0,
62,39,1,
62,41,2,
62,41,3,
62,42,0,
62,46,0,
62,47,6,
62,47,12,
62,55,0,
62,55,1,
62,61,1,
62,61,2,
62,64,0,
62,64,2,
62,66,5,
62,66,6,
62,67,8,
63,10,13,
63,10,11,
63,11,0,
63,11,0,
63,13,0,
63,16,2,
63,16,1,
63,20,14,
63,21,0,
63,23,8,
63,29,2,
63,29,2,
63,39,2,
63,40,9,
63,40,7,
63,41,0,
63,60,10,
63,63,1,
63,63,22,
63,68,15,
63,68,0,
63,72,0,
63,72,8,
64,2,1,
64,2,12,
64,4,1,
64,4,14,
64,17,0,
64,18,1,
64,18,0,
64,20,19,
64,20,37,
64,57,1,
64,57,0,
64,62,0,
64,62,4,
65,6,3,
65,6,7,
65,7,0,
65,7,1,
65,15,1,
65,15,2,
65,22,2,
65,22,3,
65,27,0,
65,27,3,
65,30,2,
65,30,7,
65,44,2,
65,44,7,
65,58,10,
65,58,18,
66,2,1,
66,2,2,
66,4,2,
66,4,2,
66,12,0,
66,12,3,
66,14,0,
66,14,5,
66,17,0,
66,18,9,
66,18,11,
66,20,1,
66,20,2,
66,31,1,
66,31,5,
66,34,0,
66,42,4,
66,42,30,
66,50,1,
66,50,13,
66,57,2,
66,57,1,
66,60,0,
66,60,1,
66,62,0,
66,62,2,
67,1,0,
67,1,0,
67,5,0,
67,8,0,
67,8,0,
67,10,14,
67,10,10,
67,11,1,
67,11,10,
67,16,0,
67,16,11,
67,18,2,
67,18,14,
67,20,5,
67,20,5,
67,21,0,
67,21,19,
67,23,0,
67,24,0,
67,24,0,
67,26,5,
67,26,27,
67,28,10,
67,29,0,
67,29,13,
67,31,0,
67,32,0,
67,32,11,
67,34,0,
67,34,16,
67,35,1,
67,35,31,
67,36,0,
67,36,0,
67,37,0,
67,38,0,
67,38,0,
67,39,0,
67,40,16,
67,40,10,
67,41,2,
67,41,6,
67,42,6,
67,47,9,
67,47,28,
67,53,6,
67,53,7,
67,55,3,
67,55,16,
67,57,2,
67,57,0,
67,60,3,
67,60,11,
67,68,0,
67,68,10,
67,70,8,
67,70,24,
67,72,12,
67,72,5,
67,73,0,
67,73,0,
68,1,0,
68,1,0,
68,5,0,
68,5,0,
68,6,0,
68,6,0,
68,8,6,
68,8,0,
68,9,0,
68,9,6,
68,10,11,
68,10,0,
68,11,0,
68,11,0,
68,12,0,
68,12,0,
68,14,5,
68,14,5,
68,16,1,
68,16,1,
68,18,0,
68,18,6,
68,21,0,
68,21,1,
68,24,0,
68,24,0,
68,25,0,
68,25,3,
68,26,0,
68,26,0,
68,28,0,
68,28,16,
68,29,3,
68,29,2,
68,30,0,
68,31,0,
68,31,0,
68,32,0,
68,32,0,
68,33,2,
68,33,8,
68,35,4,
68,35,4,
68,36,0,
68,36,0,
68,37,0,
68,37,0,
68,38,0,
68,38,11,
68,40,3,
68,40,0,
68,41,10,
68,41,0,
68,42,0,
68,42,8,
68,43,0,
68,44,0,
68,45,0,
68,47,13,
68,47,4,
68,51,10,
68,51,10,
68,55,182,
68,55,137,
68,63,3,
68,63,3,
68,67,7,
68,67,0,
68,70,5,
68,70,7,
68,75,3,
68,75,7,
68,77,4,
68,77,7,
69,1,1,
69,1,0,
69,4,1,
69,5,0,
69,5,2,
69,8,0,
69,8,1,
69,12,0,
69,12,1,
69,14,0,
69,14,0,
69,24,0,
69,24,3,
69,28,2,
69,31,1,
69,31,1,
69,32,0,
69,32,1,
69,36,1,
69,36,1,
69,37,0,
69,37,1,
69,38,0,
69,43,1,
69,45,1,
69,50,2,
69,50,2,
7,1,2,
7,1,4,
7,3,0,
7,3,0,
7,4,0,
7,5,3,
7,6,3,
7,6,12,
7,9,3,
7,10,2,
7,10,1,
7,11,0,
7,12,1,
7,12,1,
7,13,0,
7,14,0,
7,15,4,
7,15,19,
7,16,0,
7,18,0,
7,19,1,
7,19,2,
7,20,0,
7,21,0,
7,22,3,
7,22,24,
7,23,0,
7,24,3,
7,25,1,
7,25,4,
7,26,0,
7,27,3,
7,27,21,
7,28,0,
7,29,0,
7,30,4,
7,30,14,
7,31,1,
7,32,3,
7,33,4,
7,34,1,
7,35,1,
7,35,0,
7,36,2,
7,36,3,
7,37,0,
7,38,1,
7,38,0,
7,39,7,
7,40,0,
7,40,0,
7,41,1,
7,41,0,
7,42,0,
7,43,0,
7,43,6,
7,44,2,
7,44,10,
7,45,5,
7,49,1,
7,49,3,
7,50,0,
7,50,5,
7,52,7,
7,52,10,
7,53,0,
7,60,7,
7,68,0,
7,68,0,
7,72,4,
7,72,9,
7,73,0,
7,73,0,
7,75,3,
7,75,5,
7,76,8,
7,76,6,
70,1,1,
70,1,2,
70,3,3,
70,3,6,
70,5,2,
70,5,2,
70,8,2,
70,8,0,
70,9,0,
70,9,0,
70,10,0,
70,10,4,
70,11,0,
70,11,0,
70,13,0,
70,13,1,
70,16,4,
70,16,4,
70,21,0,
70,21,0,
70,23,0,
70,23,14,
70,24,1,
70,24,3,
70,25,0,
70,25,1,
70,28,0,
70,28,4,
70,29,0,
70,29,6,
70,32,2,
70,32,2,
70,33,0,
70,33,0,
70,36,1,
70,36,3,
70,37,0,
70,37,0,
70,38,0,
70,38,0,
70,39,0,
70,39,3,
70,40,2,
70,40,0,
70,41,2,
70,41,3,
70,43,2,
70,43,2,
70,45,0,
70,45,1,
70,49,0,
70,49,0,
70,67,6,
70,68,7,
70,68,15,
70,72,7,
70,72,7,
70,73,0,
70,77,0,
70,77,10,
72,1,0,
72,1,10,
72,3,0,
72,5,0,
72,5,12,
72,6,0,
72,6,18,
72,7,11,
72,7,5,
72,8,2,
72,8,6,
72,9,0,
72,9,10,
72,10,0,
72,10,0,
72,11,3,
72,11,15,
72,13,1,
72,13,11,
72,15,3,
72,15,13,
72,16,6,
72,16,9,
72,18,0,
72,18,13,
72,21,3,
72,21,12,
72,22,14,
72,22,4,
72,23,0,
72,23,13,
72,24,0,
72,24,12,
72,25,2,
72,25,7,
72,27,10,
72,27,0,
72,28,0,
72,28,1,
72,29,7,
72,29,8,
72,30,7,
72,30,7,
72,32,0,
72,32,15,
72,33,0,
72,33,11,
72,35,0,
72,35,19,
72,36,0,
72,36,12,
72,37,0,
72,37,3,
72,38,2,
72,38,17,
72,39,0,
72,39,25,
72,40,0,
72,40,5,
72,41,7,
72,41,15,
72,43,7,
72,43,5,
72,44,0,
72,44,14,
72,45,0,
72,45,7,
72,49,11,
72,49,0,
72,51,2,
72,51,16,
72,55,24,
72,55,27,
72,61,15,
72,61,26,
72,63,2,
72,63,17,
72,70,23,
72,70,21,
72,75,0,
72,75,18,
72,77,4,
72,77,11,
73,1,0,
73,1,0,
73,3,0,
73,5,6,
73,6,0,
73,6,0,
73,7,0,
73,7,8,
73,8,0,
73,8,1,
73,9,0,
73,9,1,
73,10,0,
73,10,1,
73,11,0,
73,11,3,
73,13,0,
73,13,4,
73,15,0,
73,15,8,
73,16,2,
73,16,4,
73,21,0,
73,21,3,
73,22,0,
73,22,7,
73,23,0,
73,23,7,
73,24,0,
73,24,4,
73,25,0,
73,25,0,
73,27,0,
73,27,0,
73,28,0,
73,29,2,
73,29,8,
73,33,0,
73,33,3,
73,36,0,
73,37,0,
73,38,0,
73,38,0,
73,39,0,
73,39,3,
73,40,0,
73,40,2,
73,41,2,
73,41,5,
73,44,0,
73,44,0,
73,49,0,
73,51,0,
73,51,0,
73,55,3,
73,55,10,
73,61,8,
73,61,0,
73,73,0,
73,73,0,
73,75,0,
73,75,11,
75,3,0,
75,3,0,
75,5,0,
75,6,4,
75,6,2,
75,7,2,
75,7,3,
75,9,0,
75,9,1,
75,10,1,
75,10,0,
75,11,0,
75,11,0,
75,13,4,
75,15,2,
75,15,4,
75,16,0,
75,16,0,
75,21,0,
75,21,0,
75,22,2,
75,22,4,
75,23,11,
75,24,0,
75,25,0,
75,25,1,
75,27,3,
75,27,3,
75,28,0,
75,28,0,
75,29,5,
75,29,0,
75,30,3,
75,30,2,
75,32,0,
75,33,0,
75,33,3,
75,36,0,
75,37,0,
75,37,0,
75,38,0,
75,38,0,
75,39,5,
75,40,0,
75,40,0,
75,43,1,
75,44,3,
75,44,3,
75,45,2,
75,52,15,
75,52,13,
75,53,0,
75,53,1,
75,61,1,
75,68,0,
75,68,5,
75,72,0,
75,72,8,
75,73,0,
75,73,0,
75,77,0,
76,1,3,
76,6,2,
76,6,2,
76,7,1,
76,7,4,
76,8,3,
76,15,0,
76,15,2,
76,22,2,
76,22,6,
76,27,2,
76,27,5,
76,30,5,
76,30,0,
76,37,3,
76,44,1,
76,44,0,
76,55,0,
76,55,1,
76,72,0,
76,72,0,
77,8,0,
77,9,1,
77,9,5,
77,10,1,
77,10,0,
77,25,2,
77,25,3,
77,33,1,
77,33,4,
77,37,0,
77,40,0,
77,40,1,
77,43,0,
77,45,0,
77,55,11,
77,55,6,
77,67,3,
77,67,31,
77,75,5,
77,75,2,
8,1,3,
8,1,64,
8,2,0,
8,4,0,
8,5,0,
8,5,6,
8,6,0,
8,7,7,
8,9,2,
8,9,7,
8,10,0,
8,10,3,
8,11,3,
8,11,9,
8,12,1,
8,12,4,
8,13,0,
8,13,5,
8,14,1,
8,15,7,
8,16,0,
8,16,0,
8,17,0,
8,18,1,
8,18,1,
8,19,1,
8,20,1,
8,21,3,
8,21,10,
8,22,4,
8,22,11,
8,23,0,
8,23,5,
8,24,0,
8,24,6,
8,25,6,
8,25,8,
8,26,1,
8,26,3,
8,27,0,
8,27,1,
8,28,2,
8,28,30,
8,29,2,
8,29,9,
8,30,0,
8,30,7,
8,31,1,
8,32,0,
8,32,7,
8,33,2,
8,33,8,
8,35,0,
8,36,2,
8,36,6,
8,37,4,
8,37,54,
8,38,3,
8,38,29,
8,39,0,
8,39,1,
8,40,2,
8,41,1,
8,41,26,
8,42,2,
8,43,1,
8,43,5,
8,44,0,
8,45,1,
8,45,3,
8,47,2,
8,47,3,
8,49,0,
8,49,1,
8,50,4,
8,51,0,
8,51,0,
8,55,2,
8,55,3,
8,60,0,
8,61,3,
8,61,3,
8,67,0,
8,68,0,
8,69,0,
8,69,0,
8,70,0,
8,70,0,
8,72,0,
8,72,21,
8,73,3,
8,73,3,
8,75,0,
8,75,3,
8,76,5,
9,1,1,
9,1,8,
9,3,0,
9,3,6,
9,5,1,
9,6,1,
9,7,3,
9,8,2,
9,8,10,
9,10,1,
9,10,9,
9,11,1,
9,11,16,
9,12,0,
9,12,1,
9,13,0,
9,13,8,
9,14,0,
9,15,3,
9,16,1,
9,16,7,
9,18,5,
9,18,5,
9,19,1,
9,20,0,
9,20,0,
9,21,1,
9,21,10,
9,22,1,
9,22,7,
9,23,0,
9,23,7,
9,24,0,
9,25,13,
9,25,76,
9,27,4,
9,28,0,
9,28,0,
9,29,1,
9,29,8,
9,30,0,
9,30,2,
9,31,0,
9,32,4,
9,33,13,
9,33,83,
9,35,0,
9,36,3,
9,36,1,
9,37,1,
9,37,4,
9,38,0,
9,38,3,
9,39,0,
9,39,2,
9,40,1,
9,40,9,
9,41,3,
9,41,10,
9,43,5,
9,44,1,
9,45,2,
9,49,9,
9,49,15,
9,50,0,
9,50,2,
9,51,0,
9,51,0,
9,53,1,
9,55,4,
9,55,7,
9,60,7,
9,61,1,
9,61,4,
9,63,0,
9,63,0,
9,68,0,
9,68,5,
9,70,1,
9,70,1,
9,72,0,
9,72,14,
9,73,0,
9,73,10,
9,75,0,
9,75,2,
9,77,0,
9,77,3,
